{
  "DecisionTree": {
    "accuracy": 0.96752,
    "f1": 0.5653104925053534,
    "roc_auc": 0.8021938601294271
  },
  "RandomForest": {
    "accuracy": 0.96272,
    "f1": 0.3884514435695538,
    "roc_auc": 0.8872058716328465
  },
  "GradientBoosting": {
    "accuracy": 0.97376,
    "f1": 0.652542372881356,
    "roc_auc": 0.896634202995778
  }
}