{
  "dataset_01": {
    "kmeans": {
      "silhouette": 0.5216395622404242,
      "davies_bouldin": 0.6853295219054459,
      "calinski_harabasz": 11786.95462267153
    },
    "agglomerative": {
      "silhouette": 0.5216395622404242,
      "davies_bouldin": 0.6853295219054459,
      "calinski_harabasz": 11786.95462267153
    },
    "best_k": 2
  }
}